good_bid,index_bid
9542963,0
11842413,1
18996330,2
836116,3
108014,4
9334678,5
18334397,6
1386631,7
780875,8
193601,9
29007653,10
132596,11
10887641,12
1068963,13
17352566,14
752984,15
6474485,16
24820420,17
288840,18
23182227,19
65832,20
2968207,21
37705,22
1052042,23
33509754,24
18945048,25
1173087,26
22814921,27
502868,28
32872097,29
12694261,30
18819315,31
20122872,32
298648,33
2624143,34
12446508,35
2230915,36
10846264,37
494166,38
17925892,39
12389442,40
3729484,41
3158396,42
376974,43
26589016,44
19945405,45
965748,46
22514770,47
1146398,48
18819321,49
494163,50
2480335,51
613597,52
107188,53
25844039,54
3166402,55
1719913,56
2168651,57
61182,58
2668626,59
21025194,60
23121728,61
640380,62
537430,63
18880798,64
7445682,65
210295,66
954455,67
6719180,68
29578891,69
509037,70
19404958,71
3155831,72
2545558,73
8268107,74
10532,75
19416907,76
1656262,77
22070742,78
6324757,79
8660,80
8223454,81
8067423,82
924215,83
713868,84
148905,85
18746840,86
35410870,87
18626880,88
29514,89
9746148,90
10460295,91
4962141,92
1178023,93
24357337,94
12574502,95
3209316,96
4906553,97
15828826,98
3231779,99
2544136,100
26164627,101
1817436,102
9066731,103
23161483,104
777106,105
398203,106
165519,107
17160055,108
1221719,109
1775164,110
856226,111
7231355,112
6418457,113
6403629,114
2435435,115
890368,116
412794,117
13452712,118
27869748,119
8267998,120
214528,121
15993087,122
1841075,123
22734518,124
20427793,125
420031,126
962252,127
1697368,128
33852156,129
18270638,130
33139484,131
19077834,132
4683101,133
10836221,134
25826173,135
1607895,136
18420587,137
22707031,138
820905,139
29833260,140
1970451,141
2194818,142
10468789,143
4058269,144
6077491,145
11881251,146
6157648,147
18336987,148
805271,149
8735025,150
581169,151
6105857,152
956146,153
19092863,154
7312371,155
525822,156
18619523,157
12848145,158
11084641,159
2987656,160
1126161,161
12225014,162
1213805,163
65762,164
11806753,165
7296920,166
10112488,167
8745495,168
2239187,169
10198522,170
11130136,171
7141540,172
8877355,173
2043784,174
722197,175
2282584,176
1739133,177
10516456,178
1901009,179
22631303,180
2150464,181
29570270,182
28878226,183
6038904,184
967432,185
395130,186
5619377,187
8354620,188
1740624,189
7557403,190
31874635,191
6986198,192
9079372,193
7111348,194
1907841,195
3029319,196
6322878,197
17832077,198
1305387,199
421442,200
11511572,201
641271,202
19389879,203
20576830,204
7000170,205
10081671,206
9985390,207
223123,208
25904376,209
31414059,210
21454736,211
15717174,212
830128,213
18891343,214
8224298,215
1580516,216
4011331,217
24823169,218
1225186,219
15845351,220
19419143,221
1954804,222
19230920,223
23838169,224
10376402,225
10756338,226
15796930,227
18405676,228
14337224,229
18931171,230
26535163,231
13507292,232
19079835,233
10638384,234
11015768,235
19114851,236
9680159,237
34606027,238
19190684,239
19289558,240
18822624,241
797939,242
1970979,243
2117846,244
6815409,245
9753119,246
1979250,247
18001398,248
18936668,249
11465468,250
782513,251
28405528,252
826917,253
1206564,254
8467687,255
332470,256
10912256,257
357301,258
7106647,259
15983158,260
1496305,261
121193,262
17970911,263
9749037,264
40954,265
6361685,266
31154866,267
1183533,268
9064193,269
18473007,270
597552,271
877512,272
8233156,273
2868547,274
10631651,275
7037409,276
2083902,277
7038918,278
8680749,279
2639753,280
525426,281
718887,282
11148585,283
6097267,284
2229483,285
823591,286
1267712,287
8817417,288
8264086,289
30021555,290
10023325,291
9908523,292
6219987,293
3036770,294
1496343,295
14578344,296
22028621,297
22732401,298
6442544,299
8644202,300
8299742,301
13380427,302
345183,303
1891308,304
3186248,305
1344484,306
10064636,307
8436543,308
5890,309
1141627,310
21975804,311
7820512,312
1111372,313
7447369,314
1731862,315
1294050,316
6313436,317
9474412,318
8661830,319
12995043,320
9911556,321
928102,322
7527318,323
9759892,324
8188802,325
9278027,326
1206605,327
598346,328
6410366,329
23471929,330
822461,331
774557,332
19360423,333
672172,334
17166726,335
24874315,336
974096,337
5340,338
763531,339
10698926,340
12343256,341
10606762,342
713767,343
3170878,344
6475204,345
3718179,346
8915156,347
6559246,348
10067762,349
10168135,350
922737,351
1775352,352
8141852,353
1140671,354
8436436,355
1180333,356
3468438,357
12804713,358
1915212,359
8315224,360
1246647,361
6498703,362
19448568,363
19076036,364
7431989,365
8146339,366
20343812,367
11422095,368
18260,369
11276910,370
11044837,371
2641632,372
135268,373
2141488,374
3105357,375
7225956,376
19231024,377
8232482,378
983379,379
18662370,380
2301607,381
221005,382
2785278,383
19413957,384
2205908,385
10583683,386
3047139,387
18691494,388
14316354,389
1915215,390
11062850,391
999360,392
3466506,393
385759,394
19246067,395
19762641,396
6665438,397
2202805,398
31125261,399
978463,400
806079,401
6715486,402
7352562,403
93833,404
25777,405
19417150,406
922840,407
3220408,408
11411744,409
4519196,410
6829562,411
10356101,412
763472,413
16435879,414
2300590,415
1537339,416
1184699,417
1503869,418
20634975,419
22498689,420
7015892,421
27653822,422
220883,423
122648,424
6125034,425
8274853,426
19117299,427
23486599,428
23126869,429
11799312,430
12570421,431
6329642,432
19062576,433
2618116,434
29825696,435
10786191,436
20412955,437
13723449,438
1141685,439
1037106,440
19170708,441
398136,442
14902346,443
34093981,444
314752,445
18898696,446
4980805,447
20870768,448
13226207,449
2311940,450
26633643,451
18943255,452
981956,453
19238199,454
976805,455
4906071,456
1503704,457
6234638,458
1933709,459
557522,460
20738193,461
918692,462
23462131,463
8130030,464
18039076,465
2092241,466
11042077,467
922837,468
9030474,469
6096814,470
2778188,471
6361861,472
14759010,473
16005411,474
86659,475
1201548,476
7324956,477
9289628,478
9513597,479
1264155,480
29542727,481
754550,482
57402,483
30844244,484
10340378,485
80339,486
12457856,487
496243,488
3133201,489
752769,490
14450056,491
61522,492
3047235,493
880611,494
26772540,495
7764405,496
1084124,497
13448481,498
7518420,499
567726,500
453751,501
12926785,502
17228191,503
2420464,504
14330208,505
441880,506
10870555,507
7788784,508
21269086,509
844423,510
20507773,511
18669115,512
6219401,513
18962572,514
2466212,515
8298178,516
352547,517
36451880,518
11110724,519
2971181,520
8968664,521
705331,522
8348065,523
10400601,524
2035850,525
121264,526
2685745,527
19481953,528
12856510,529
22909106,530
22909113,531
124506,532
82356,533
606148,534
10882212,535
752728,536
3431571,537
1593295,538
652285,539
13597028,540
515503,541
2348618,542
912628,543
4614788,544
13586849,545
19751330,546
752934,547
18868738,548
7020,549
934588,550
8516481,551
331320,552
267511,553
9974919,554
14327854,555
27577542,556
21799400,557
12135329,558
11501058,559
505613,560
6540340,561
2349646,562
10673099,563
400592,564
8303666,565
8436551,566
11235206,567
7210332,568
28014814,569
8300693,570
7141285,571
1877493,572
1201811,573
30975755,574
6431225,575
13615999,576
10587351,577
11638634,578
1385020,579
20657855,580
20416766,581
2232071,582
7946890,583
718946,584
7371225,585
18080837,586
10797936,587
494670,588
11458027,589
2418193,590
16678397,591
665270,592
22297659,593
11090631,594
6418496,595
2311449,596
1759893,597
18265,598
10291289,599
438209,600
1481267,601
24970858,602
257055,603
9485716,604
941252,605
9650005,606
2072189,607
2644931,608
3784205,609
25140319,610
99753,611
6129779,612
24515,613
25001397,614
6597519,615
99319,616
8183818,617
11918018,618
35417297,619
1697813,620
2366659,621
1853179,622
8139473,623
11023780,624
19295213,625
34107663,626
22612582,627
5948252,628
218094,629
1853208,630
9512348,631
5995997,632
4953893,633
30190414,634
17365480,635
344230,636
437518,637
1742436,638
24792076,639
30305439,640
22882139,641
661088,642
6283858,643
11317230,644
28765327,645
1237603,646
752888,647
1251081,648
704021,649
7959568,650
7464550,651
3728021,652
5198290,653
1248728,654
19272167,655
6054362,656
9426978,657
18908151,658
959501,659
12255399,660
12930091,661
1813399,662
8300724,663
8706696,664
18622627,665
18880118,666
1432728,667
10335540,668
6497728,669
25943,670
7840422,671
2154956,672
18877953,673
2366229,674
21307615,675
2805247,676
19215193,677
8568120,678
7277922,679
13060785,680
19328636,681
1258830,682
12624696,683
533470,684
884055,685
6924139,686
10788772,687
3082251,688
23471747,689
896480,690
3677602,691
10297461,692
6944899,693
18715654,694
10179402,695
9867049,696
12936619,697
412004,698
2209665,699
6282585,700
16056758,701
1704242,702
16678410,703
6350649,704
575841,705
1651250,706
18918771,707
9491986,708
13634435,709
6473261,710
4906078,711
8591391,712
19192608,713
16678412,714
11481212,715
2686788,716
7084612,717
19123006,718
2366498,719
18719487,720
1265718,721
3219887,722
948849,723
852724,724
31084532,725
126910,726
4461831,727
16678394,728
9506370,729
2366363,730
8438716,731
2081798,732
514667,733
19269879,734
1790589,735
10938404,736
2342453,737
7075154,738
2189954,739
6335228,740
2686833,741
16434981,742
1178686,743
11074280,744
4068925,745
10700376,746
2366491,747
3137202,748
7675037,749
830410,750
8757338,751
1571052,752
29955543,753
3486404,754
1657392,755
8514833,756
10170478,757
5195604,758
8356236,759
797876,760
15802925,761
2632728,762
4111593,763
2578535,764
6350680,765
1248713,766
2967055,767
843426,768
30052531,769
12596099,770
1237582,771
12061122,772
10144868,773
27714268,774
159790,775
27824819,776
2849747,777
11696751,778
18922593,779
14451214,780
11300801,781
10132949,782
1000856,783
795526,784
3409732,785
318875,786
9719609,787
5494385,788
2769141,789
4253047,790
18998864,791
18858442,792
600278,793
17933495,794
1606230,795
1645670,796
8013727,797
8539498,798
1132373,799
19071483,800
11066662,801
19148981,802
8430845,803
26215761,804
1610015,805
1057796,806
8702351,807
6338078,808
1000857,809
7941464,810
7195039,811
904680,812
1327,813
4698524,814
5601598,815
4618393,816
2763284,817
6560768,818
17673341,819
22605602,820
1932560,821
220404,822
284378,823
26481427,824
19069909,825
398138,826
19116679,827
2670305,828
22007393,829
8890907,830
8488268,831
14451219,832
33912216,833
1248723,834
14458321,835
551983,836
5961556,837
2032127,838
381185,839
113249,840
573380,841
2593123,842
6601281,843
2673103,844
6802540,845
9791995,846
2366614,847
782519,848
19694516,849
1566990,850
731699,851
6862928,852
1566986,853
16435679,854
27980190,855
6350647,856
1772133,857
26995,858
10118019,859
13430622,860
2769393,861
28884715,862
576791,863
7653302,864
31503,865
333418,866
18674890,867
2187563,868
9068970,869
2529147,870
6474770,871
1057759,872
6645677,873
5740613,874
26165692,875
187518,876
177322,877
528149,878
11929538,879
332510,880
11422872,881
7082910,882
2311458,883
18719524,884
2366417,885
504061,886
9098002,887
752997,888
12103101,889
2673100,890
9946659,891
4605977,892
8626039,893
23289827,894
778965,895
17834885,896
9588562,897
7184868,898
10328939,899
3350289,900
6580562,901
25946,902
6246317,903
34058,904
135056,905
10800069,906
4535816,907
6404365,908
2366377,909
9445817,910
164531,911
18057408,912
882452,913
828299,914
6400379,915
777108,916
6264631,917
7024640,918
1248715,919
2328302,920
22823158,921
8123434,922
2578540,923
12739910,924
36402,925
14288108,926
6284126,927
6472919,928
8236943,929
4340627,930
267867,931
28095108,932
752981,933
1075386,934
959843,935
565508,936
14582519,937
128518,938
25615732,939
6350618,940
1991721,941
2450622,942
7326221,943
1772150,944
209366,945
261754,946
19138037,947
8260741,948
267910,949
10132970,950
1042075,951
850317,952
519231,953
1149956,954
21526123,955
16074106,956
7461981,957
10576675,958
3387907,959
6328870,960
18921326,961
19008911,962
10256576,963
20372486,964
7552036,965
905022,966
14327484,967
11487845,968
6528115,969
150026,970
18682791,971
9806421,972
936052,973
19273036,974
20766502,975
13131761,976
2098210,977
4476539,978
5378628,979
22113200,980
22824116,981
968762,982
2648144,983
995746,984
10534290,985
21998340,986
9005403,987
7506614,988
1833991,989
561719,990
1035331,991
247960,992
18990658,993
483446,994
10398146,995
34828653,996
1580793,997
826968,998
2167811,999
19179382,1000
23785623,1001
30719105,1002
121216,1003
2778207,1004
19228377,1005
1299466,1006
825881,1007
10482689,1008
16170884,1009
20087887,1010
7663118,1011
6508680,1012
1303933,1013
18137837,1014
1736770,1015
5656839,1016
2983752,1017
6377684,1018
8862670,1019
8158031,1020
8158032,1021
17406596,1022
6225658,1023
2232077,1024
4753877,1025
279451,1026
11904514,1027
18898921,1028
11382421,1029
1157778,1030
22742765,1031
1835441,1032
3370988,1033
791610,1034
21445212,1035
8542787,1036
1517080,1037
2444144,1038
1320874,1039
8196232,1040
516650,1041
7714037,1042
6240610,1043
1184672,1044
26080590,1045
903467,1046
6329016,1047
8569551,1048
424915,1049
3661922,1050
10112,1051
426494,1052
26238183,1053
1504063,1054
993298,1055
11206034,1056
7025594,1057
6810951,1058
3463054,1059
749017,1060
18072000,1061
22086803,1062
6888910,1063
1080597,1064
3841137,1065
22708469,1066
223633,1067
22758477,1068
264870,1069
6235352,1070
1498008,1071
19420538,1072
6352715,1073
5967933,1074
8354617,1075
6408236,1076
18824231,1077
19438473,1078
18873507,1079
8431710,1080
1892249,1081
1641223,1082
1590549,1083
31229946,1084
3600680,1085
11552714,1086
19255805,1087
8452706,1088
3607465,1089
762823,1090
2597562,1091
34082197,1092
11130169,1093
3170797,1094
11053838,1095
15945735,1096
9160097,1097
9160095,1098
208958,1099
640091,1100
2324975,1101
18769191,1102
4498631,1103
22690144,1104
12145163,1105
752856,1106
7663221,1107
6605839,1108
8144237,1109
18627281,1110
5468810,1111
787458,1112
2057446,1113
1300003,1114
4660491,1115
17342980,1116
7094745,1117
8012964,1118
2671397,1119
1468590,1120
8293085,1121
6064461,1122
25145065,1123
193856,1124
781627,1125
12384825,1126
2110433,1127
18655497,1128
5573760,1129
18881497,1130
11228633,1131
18306730,1132
8703751,1133
752923,1134
438873,1135
8051517,1136
23945916,1137
66415,1138
8694999,1139
1383791,1140
13599100,1141
14337298,1142
929774,1143
9253235,1144
722737,1145
7353961,1146
7896518,1147
3557896,1148
6718382,1149
25840016,1150
2935213,1151
19071728,1152
2426638,1153
20349729,1154
51788,1155
8573567,1156
6212965,1157
6059862,1158
4727236,1159
7477774,1160
21800823,1161
22374822,1162
766963,1163
11040692,1164
18875260,1165
1490175,1166
8044995,1167
16156339,1168
7734673,1169
6399071,1170
825750,1171
2237755,1172
3595627,1173
1521247,1174
1590,1175
6356022,1176
514689,1177
17557901,1178
28010569,1179
4712088,1180
11237857,1181
7268650,1182
6055528,1183
20950668,1184
19220651,1185
15827124,1186
1774421,1187
11121558,1188
11323204,1189
11506226,1190
1188111,1191
11212280,1192
11212281,1193
22571551,1194
4847837,1195
1367985,1196
1575988,1197
854305,1198
2460663,1199
12601206,1200
2472343,1201
35312999,1202
18983897,1203
11085879,1204
256052,1205
27725962,1206
1090838,1207
1267284,1208
5306672,1209
6328716,1210
9586456,1211
723101,1212
1030195,1213
6378489,1214
75061,1215
19207864,1216
9408195,1217
4817283,1218
1595603,1219
6093366,1220
4712064,1221
4712040,1222
12451602,1223
948728,1224
11763994,1225
23445058,1226
1339225,1227
2944814,1228
29200431,1229
13634837,1230
2168736,1231
6120099,1232
22755547,1233
18249822,1234
1877752,1235
7710533,1236
1106532,1237
24037545,1238
6608630,1239
1764595,1240
6266362,1241
1789032,1242
781507,1243
5668002,1244
17935419,1245
13448495,1246
352613,1247
635241,1248
20901903,1249
19036283,1250
2148078,1251
621181,1252
277027,1253
556967,1254
519125,1255
10455702,1256
9733839,1257
3243798,1258
34681515,1259
17825854,1260
18310936,1261
696070,1262
1628137,1263
8834587,1264
2286757,1265
2410446,1266
17942924,1267
24548849,1268
11745286,1269
2025003,1270
2911247,1271
2095156,1272
132879,1273
1128994,1274
1003404,1275
3110078,1276
14333862,1277
10501435,1278
35965125,1279
7343515,1280
7143128,1281
1681377,1282
494164,1283
3153226,1284
2989553,1285
19484458,1286
6627810,1287
20984659,1288
8528509,1289
1108883,1290
1766621,1291
6824012,1292
20403296,1293
45060,1294
8139699,1295
12767,1296
303863,1297
4834175,1298
6600340,1299
25153786,1300
9910101,1301
8860993,1302
86891,1303
7341343,1304
543163,1305
1478464,1306
2081806,1307
22026919,1308
10013151,1309
29610791,1310
28537642,1311
8680475,1312
12866181,1313
1046747,1314
1306637,1315
8124156,1316
826901,1317
1613105,1318
3983882,1319
8149610,1320
18898256,1321
8801,1322
837413,1323
23435675,1324
2043261,1325
9627811,1326
35820,1327
552002,1328
10358278,1329
95109,1330
3030579,1331
9914371,1332
25566118,1333
525152,1334
8267622,1335
6328821,1336
12961390,1337
7335928,1338
13162459,1339
17996971,1340
25129494,1341
392511,1342
6680542,1343
6515710,1344
19092646,1345
12853241,1346
8185254,1347
19225101,1348
10171407,1349
494162,1350
928183,1351
2010710,1352
10242550,1353
537074,1354
11506568,1355
19008147,1356
6365080,1357
3291502,1358
15258800,1359
8296580,1360
113315,1361
2054108,1362
10606656,1363
8393008,1364
16610,1365
3454111,1366
3620051,1367
12220608,1368
4100986,1369
1637189,1370
404023,1371
6343185,1372
1306603,1373
2081957,1374
13413616,1375
2200013,1376
12612363,1377
725658,1378
13570497,1379
774597,1380
1396269,1381
1797605,1382
16370475,1383
800146,1384
8325947,1385
152687,1386
6389626,1387
4269290,1388
19463078,1389
2815620,1390
8211801,1391
19731957,1392
13497181,1393
1642285,1394
15719537,1395
10929750,1396
12312259,1397
11398328,1398
211376,1399
6587488,1400
2712916,1401
7551176,1402
20540494,1403
2605772,1404
7074682,1405
9121066,1406
9256656,1407
7104081,1408
1741426,1409
774587,1410
8736067,1411
779511,1412
9661859,1413
9649278,1414
2194809,1415
12929591,1416
2993508,1417
3314204,1418
2263698,1419
2352329,1420
3229836,1421
8736988,1422
10389720,1423
37139,1424
26755917,1425
1807861,1426
2721924,1427
1329946,1428
7102706,1429
1249020,1430
13031997,1431
1245065,1432
1025985,1433
11355354,1434
1206329,1435
10085444,1436
19076502,1437
11872801,1438
1610018,1439
17191316,1440
595023,1441
16117760,1442
13224159,1443
391507,1444
8934681,1445
28512936,1446
11535552,1447
1293687,1448
18954518,1449
3409741,1450
17854315,1451
21148416,1452
255019,1453
1469370,1454
19165145,1455
19150407,1456
13159167,1457
27555242,1458
1683366,1459
5244426,1460
8859591,1461
12525789,1462
12396917,1463
2584410,1464
1600109,1465
27571333,1466
8173312,1467
14394923,1468
19118375,1469
6434489,1470
19222177,1471
9731834,1472
34776803,1473
7710522,1474
6470837,1475
525628,1476
6057084,1477
381614,1478
10980365,1479
22642636,1480
1961551,1481
2702902,1482
18010409,1483
2426030,1484
13011216,1485
2156190,1486
19178675,1487
7475768,1488
566723,1489
23500672,1490
917726,1491
25317409,1492
23309751,1493
205218,1494
3320955,1495
13253021,1496
758432,1497
6332793,1498
18816979,1499
18893200,1500
1984131,1501
11372539,1502
1131795,1503
7906568,1504
3066876,1505
23152428,1506
3473591,1507
2956984,1508
3066884,1509
9133996,1510
9768339,1511
25825515,1512
19068686,1513
705118,1514
1230072,1515
14486355,1516
30140997,1517
1129748,1518
2215425,1519
23288685,1520
11470556,1521
126833,1522
972006,1523
23484742,1524
877236,1525
27033597,1526
7880008,1527
11362915,1528
1931565,1529
1306231,1530
22607889,1531
11441031,1532
18942886,1533
6829264,1534
8387261,1535
19420918,1536
18872046,1537
13243615,1538
8599556,1539
9386880,1540
223634,1541
5592188,1542
2997753,1543
2035981,1544
613682,1545
21386232,1546
6753944,1547
1410532,1548
5702055,1549
255875,1550
21240746,1551
11693878,1552
18931519,1553
19444851,1554
18655574,1555
18623310,1556
7070286,1557
28653253,1558
6671831,1559
20574541,1560
251264,1561
4329250,1562
9142710,1563
8449234,1564
7607118,1565
19046115,1566
3649238,1567
340558,1568
1290149,1569
8735205,1570
318430,1571
1100581,1572
19041021,1573
1098127,1574
7860539,1575
1471581,1576
7664166,1577
6204752,1578
7780834,1579
6348764,1580
1030241,1581
18271014,1582
11523832,1583
7552400,1584
4042299,1585
8486791,1586
804498,1587
1111478,1588
14613200,1589
1024127,1590
3219752,1591
431517,1592
11882707,1593
1290068,1594
1790585,1595
1323786,1596
3219751,1597
1790586,1598
19211475,1599
12491314,1600
8046199,1601
1418907,1602
880112,1603
839433,1604
7715551,1605
50550,1606
21113159,1607
21015854,1608
11557543,1609
10034420,1610
2380554,1611
1219424,1612
318373,1613
1254407,1614
18759958,1615
6900559,1616
23562803,1617
11357215,1618
17669440,1619
16856,1620
12252082,1621
947623,1622
18957187,1623
20508111,1624
8190050,1625
4828161,1626
11086998,1627
882939,1628
23327686,1629
16159559,1630
60321,1631
13214323,1632
4597482,1633
489521,1634
969689,1635
12340776,1636
362974,1637
4949134,1638
2530061,1639
19092862,1640
459094,1641
1323787,1642
4617048,1643
2505845,1644
6318888,1645
2193219,1646
1730241,1647
13616411,1648
6069886,1649
121179,1650
2529780,1651
9957296,1652
139888,1653
80313,1654
5493599,1655
17377377,1656
19198529,1657
3207288,1658
4906433,1659
6077003,1660
18868963,1661
7184212,1662
10910291,1663
1971242,1664
20347731,1665
24077599,1666
103016,1667
869168,1668
7326904,1669
11468011,1670
752911,1671
8161238,1672
3483553,1673
19345155,1674
6400860,1675
6082228,1676
121197,1677
14328757,1678
9169817,1679
34453112,1680
8018455,1681
80311,1682
6288332,1683
11622903,1684
6341793,1685
159994,1686
10894890,1687
3137031,1688
20388489,1689
7847143,1690
701392,1691
1835983,1692
25979160,1693
10632455,1694
6324091,1695
2466656,1696
6480834,1697
6289540,1698
1209399,1699
6382704,1700
1842913,1701
6433419,1702
10443942,1703
19431202,1704
18996085,1705
21071452,1706
1672601,1707
104494,1708
11507864,1709
1155389,1710
3605270,1711
1686994,1712
7955724,1713
1577108,1714
1277245,1715
23000194,1716
19303596,1717
671375,1718
19113969,1719
19196638,1720
12987804,1721
965686,1722
1980945,1723
7689370,1724
485865,1725
485866,1726
18902186,1727
2918304,1728
5823322,1729
10017396,1730
20694188,1731
24929501,1732
18881426,1733
2524431,1734
325885,1735
5162332,1736
2974257,1737
10883257,1738
3057537,1739
28807091,1740
21461290,1741
10125113,1742
1030413,1743
752935,1744
1266838,1745
9612542,1746
2041795,1747
980387,1748
19244267,1749
19146131,1750
6246320,1751
13493502,1752
7550067,1753
12806754,1754
19413987,1755
32792759,1756
3239357,1757
19438405,1758
3217387,1759
8115516,1760
20740947,1761
1030412,1762
18164601,1763
728927,1764
21195035,1765
5551835,1766
728905,1767
712072,1768
13616410,1769
6522019,1770
19252502,1771
1766005,1772
5459222,1773
502591,1774
3595014,1775
19216963,1776
1939539,1777
7684557,1778
1176814,1779
26932939,1780
18149233,1781
20455840,1782
6455127,1783
885083,1784
1323880,1785
3979833,1786
8565972,1787
617572,1788
17570264,1789
17187967,1790
6684176,1791
18879414,1792
8976831,1793
1498891,1794
10971857,1795
11398235,1796
3098037,1797
265714,1798
18886010,1799
5758815,1800
19014608,1801
18919816,1802
8599324,1803
1228731,1804
19083210,1805
1355205,1806
4050183,1807
1742438,1808
18623293,1809
6376198,1810
982989,1811
6829448,1812
1206697,1813
19090344,1814
202690,1815
375402,1816
1848905,1817
1848904,1818
2785258,1819
7063720,1820
1513717,1821
8302980,1822
12824188,1823
2665082,1824
11423129,1825
19417219,1826
6347020,1827
20000601,1828
18907982,1829
6799183,1830
7937240,1831
6592676,1832
17788053,1833
2174456,1834
752874,1835
8223483,1836
1427357,1837
6192369,1838
4161023,1839
10396610,1840
19081225,1841
19258517,1842
17416333,1843
2713141,1844
19507524,1845
1108601,1846
19189686,1847
9480320,1848
6328774,1849
8436292,1850
395524,1851
8537348,1852
2752212,1853
1895311,1854
6410425,1855
3173112,1856
682299,1857
6740042,1858
21444988,1859
374518,1860
1939689,1861
18679243,1862
1129977,1863
7708674,1864
12180142,1865
658332,1866
1556865,1867
976351,1868
6233988,1869
1234127,1870
8547179,1871
7104074,1872
31501,1873
19430599,1874
633472,1875
2148850,1876
10845327,1877
3384600,1878
246584,1879
2555436,1880
752945,1881
20406516,1882
2567658,1883
13824309,1884
1992653,1885
1835946,1886
8312211,1887
1481415,1888
27301280,1889
25017220,1890
19306482,1891
6385003,1892
734654,1893
18915232,1894
7118366,1895
1029342,1896
2097640,1897
4308499,1898
12812077,1899
12157518,1900
11691337,1901
22796627,1902
149786,1903
18687424,1904
3016275,1905
8843627,1906
11854109,1907
4176968,1908
1047627,1909
10621724,1910
25392450,1911
9486505,1912
22881210,1913
8838506,1914
17943117,1915
13249057,1916
15826571,1917
15764941,1918
10873896,1919
807276,1920
552005,1921
6786226,1922
1623501,1923
748069,1924
10081749,1925
12234085,1926
2254497,1927
3423093,1928
4737784,1929
18300108,1930
710818,1931
7022424,1932
141202,1933
28537385,1934
693158,1935
20465768,1936
7143139,1937
19250542,1938
11698483,1939
398200,1940
19196639,1941
19343505,1942
18846286,1943
22458315,1944
972003,1945
19254730,1946
7133607,1947
124270,1948
10785012,1949
30508311,1950
1449430,1951
14328988,1952
1254089,1953
7249803,1954
890291,1955
1213297,1956
18276835,1957
9364560,1958
2366423,1959
1753075,1960
30492206,1961
6689512,1962
9372259,1963
872551,1964
7599366,1965
8287823,1966
1769508,1967
12182114,1968
11457358,1969
29810326,1970
4387077,1971
6356051,1972
6328895,1973
7267483,1974
29565743,1975
19115690,1976
1608116,1977
19219831,1978
19051842,1979
20434180,1980
10079280,1981
19466179,1982
166362,1983
2250816,1984
6361579,1985
413294,1986
18935342,1987
2263773,1988
20612564,1989
8479703,1990
9648504,1991
7663006,1992
5626718,1993
9338641,1994
17871722,1995
3518261,1996
17234382,1997
1780421,1998
19183961,1999
20643105,2000
1600026,2001
22491490,2002
341860,2003
18660814,2004
1320869,2005
22257073,2006
6927718,2007
19061106,2008
19437546,2009
14328584,2010
1320563,2011
17783770,2012
166346,2013
973571,2014
6993141,2015
10696987,2016
17328511,2017
18967126,2018
25921933,2019
11622943,2020
9676393,2021
7533573,2022
18940040,2023
18473365,2024
934436,2025
12441631,2026
32595037,2027
8716743,2028
19119723,2029
2548472,2030
8840926,2031
6761936,2032
18905862,2033
75066,2034
16114994,2035
19262421,2036
2429943,2037
8135118,2038
6515118,2039
8655780,2040
33319374,2041
15840454,2042
66413,2043
1298557,2044
31356141,2045
763076,2046
29555076,2047
7231849,2048
7358250,2049
1227489,2050
27408185,2051
21952168,2052
20412198,2053
6282563,2054
10782949,2055
14492935,2056
8208186,2057
2119820,2058
1478861,2059
28807129,2060
5267494,2061
27128391,2062
7918,2063
26753620,2064
6498105,2065
8813819,2066
1159798,2067
2001485,2068
9706928,2069
6605011,2070
20616192,2071
3864331,2072
1817348,2073
6629481,2074
10098180,2075
14607700,2076
1444740,2077
995161,2078
3333355,2079
28514768,2080
1476969,2081
30464214,2082
18940497,2083
15000926,2084
1015451,2085
8730683,2086
6494498,2087
9282840,2088
18910113,2089
18910112,2090
20649327,2091
1226460,2092
2514212,2093
29412051,2094
863623,2095
11569098,2096
12393669,2097
34816075,2098
7978734,2099
4458858,2100
3816460,2101
18896868,2102
774571,2103
16409623,2104
2912511,2105
21249233,2106
819633,2107
2824500,2108
1000548,2109
9632946,2110
18895341,2111
12429557,2112
1139114,2113
10148814,2114
448836,2115
7808255,2116
870815,2117
1731522,2118
6318909,2119
1171466,2120
26615721,2121
7890980,2122
7051904,2123
19029793,2124
10581910,2125
19279771,2126
551498,2127
19178717,2128
6091317,2129
1291925,2130
1473277,2131
19245011,2132
19084839,2133
639864,2134
7821909,2135
3612065,2136
20699369,2137
1037977,2138
13323425,2139
8595309,2140
20653648,2141
399434,2142
18295816,2143
10577086,2144
7916,2145
1970289,2146
22305490,2147
1782395,2148
856196,2149
535501,2150
20622820,2151
3517496,2152
1403563,2153
21134606,2154
20338403,2155
1493579,2156
753065,2157
8757807,2158
24928625,2159
1945765,2160
7680810,2161
2272710,2162
26710758,2163
5110508,2164
2457157,2165
18812712,2166
6531529,2167
1538424,2168
11542886,2169
19290629,2170
533415,2171
11842346,2172
19301759,2173
4699834,2174
8774169,2175
6517608,2176
19320752,2177
20734822,2178
846341,2179
10090150,2180
9605511,2181
1000855,2182
11973589,2183
3123693,2184
27687713,2185
956010,2186
13066644,2187
19094702,2188
3015241,2189
8854122,2190
76122,2191
1987189,2192
453801,2193
2544511,2194
18841866,2195
6459000,2196
194692,2197
8171850,2198
2022,2199
8204709,2200
8516171,2201
8662025,2202
7311462,2203
19286786,2204
7624752,2205
6418492,2206
19421697,2207
7043172,2208
414481,2209
9174483,2210
18889984,2211
6364777,2212
6359597,2213
18162744,2214
1375285,2215
19393077,2216
496350,2217
8972311,2218
9464500,2219
73326,2220
8269031,2221
10338584,2222
19613602,2223
19164810,2224
2097832,2225
8568666,2226
6606790,2227
2550678,2228
1476260,2229
1267279,2230
6383603,2231
20957999,2232
20943681,2233
19172704,2234
2257273,2235
1352375,2236
22463,2237
10896067,2238
19322375,2239
4958153,2240
17200660,2241
17200665,2242
17200669,2243
16126478,2244
16126375,2245
16126569,2246
18995860,2247
2763935,2248
1942921,2249
1554111,2250
8575474,2251
13597099,2252
8736945,2253
6400487,2254
5652917,2255
2163986,2256
9415378,2257
491207,2258
2023891,2259
6199457,2260
19150285,2261
18745874,2262
1347103,2263
9825866,2264
14331217,2265
724907,2266
1260883,2267
19164831,2268
5130635,2269
21426171,2270
5330080,2271
18996581,2272
18756092,2273
6502476,2274
7554126,2275
24482970,2276
14992592,2277
20635686,2278
6374468,2279
574672,2280
20766500,2281
18625474,2282
21269174,2283
18823,2284
26303545,2285
6425289,2286
11091103,2287
7585277,2288
3160773,2289
6097035,2290
17943217,2291
19788689,2292
1480612,2293
13627611,2294
6698444,2295
909257,2296
2597051,2297
18939385,2298
18956092,2299
2124691,2300
467859,2301
14583898,2302
18917278,2303
18968865,2304
6664027,2305
868941,2306
35149634,2307
22884600,2308
1180685,2309
890344,2310
19072444,2311
19374044,2312
4383934,2313
19250331,2314
1139441,2315
4856068,2316
18858057,2317
18713077,2318
4210779,2319
8626225,2320
19418674,2321
12312387,2322
8404667,2323
11423498,2324
2278895,2325
18824161,2326
1431635,2327
965038,2328
2314273,2329
13147613,2330
6164207,2331
11196372,2332
298073,2333
7200501,2334
10810561,2335
9671934,2336
8588657,2337
1452959,2338
4546479,2339
1434248,2340
206970,2341
8843156,2342
11511976,2343
535984,2344
33509760,2345
25558669,2346
271694,2347
6330723,2348
915566,2349
242905,2350
10885720,2351
2056246,2352
2569491,2353
741732,2354
6410355,2355
18894444,2356
20329562,2357
5643224,2358
12958004,2359
1021646,2360
7154084,2361
1860433,2362
15830643,2363
372261,2364
2806447,2365
19140558,2366
8204673,2367
1728325,2368
1630424,2369
30457027,2370
1069174,2371
1912434,2372
12334118,2373
21484022,2374
1040721,2375
5547098,2376
6634291,2377
8768714,2378
953256,2379
3010030,2380
86658,2381
18715967,2382
10362491,2383
780681,2384
273524,2385
1737984,2386
18952569,2387
19165168,2388
7200246,2389
1728324,2390
372586,2391
7919357,2392
9386092,2393
6482987,2394
663898,2395
13432994,2396
25951334,2397
8280425,2398
9939075,2399
25785220,2400
873546,2401
944409,2402
18856944,2403
467111,2404
221123,2405
8100305,2406
17070419,2407
2102156,2408
22458526,2409
22458534,2410
19244259,2411
4056932,2412
2705670,2413
23095365,2414
1872263,2415
10150626,2416
19376748,2417
20417605,2418
9706948,2419
20442584,2420
2455196,2421
19081222,2422
18925375,2423
18963992,2424
6497498,2425
2922578,2426
1902913,2427
1473236,2428
6647380,2429
30509903,2430
1828109,2431
8253010,2432
1492760,2433
364390,2434
19023307,2435
7128673,2436
2816820,2437
752987,2438
31377803,2439
10449778,2440
105018,2441
5335,2442
2009610,2443
6260698,2444
6293638,2445
8337269,2446
6433443,2447
2351279,2448
19417368,2449
6937119,2450
30561588,2451
2915934,2452
3423569,2453
19094251,2454
160959,2455
8505071,2456
5257867,2457
2669259,2458
1572836,2459
9110654,2460
8324544,2461
17161183,2462
20623490,2463
455411,2464
1650374,2465
9376524,2466
6032191,2467
21535027,2468
7709263,2469
16282313,2470
19201765,2471
10285888,2472
16160,2473
18713551,2474
7364965,2475
9608142,2476
33650465,2477
6931994,2478
293629,2479
7070155,2480
33829353,2481
121178,2482
17670673,2483
349136,2484
6614654,2485
20382203,2486
2213840,2487
2533794,2488
20360225,2489
21023455,2490
18953973,2491
11056025,2492
4305955,2493
14241607,2494
18014813,2495
91980,2496
10070407,2497
18592663,2498
1645485,2499
20563944,2500
2097802,2501
11225262,2502
18891230,2503
21537960,2504
6125280,2505
1078950,2506
18947909,2507
6480877,2508
19026387,2509
6290502,2510
19245166,2511
6437900,2512
8094147,2513
9490424,2514
18894954,2515
2032826,2516
2078952,2517
1426092,2518
1603899,2519
25683464,2520
4194105,2521
13214422,2522
5982615,2523
22585055,2524
7149613,2525
17211820,2526
11162646,2527
27031588,2528
1054984,2529
18935494,2530
7225364,2531
21421828,2532
192424,2533
19041155,2534
3924361,2535
2777424,2536
8833562,2537
21045297,2538
16409550,2539
1166497,2540
1641264,2541
28090537,2542
18623094,2543
21163386,2544
8718365,2545
12807494,2546
6043813,2547
16116823,2548
3205107,2549
1615661,2550
19228877,2551
19164702,2552
413026,2553
948723,2554
6080642,2555
11541918,2556
6786016,2557
1615663,2558
12093310,2559
5300924,2560
832402,2561
9168655,2562
9472091,2563
6320684,2564
5730133,2565
17788482,2566
1327952,2567
16044801,2568
8514531,2569
1268228,2570
1400267,2571
11346080,2572
79314,2573
22506767,2574
7293534,2575
13627391,2576
296462,2577
23328894,2578
18858636,2579
19061105,2580
8132249,2581
16080465,2582
6067554,2583
3190177,2584
755641,2585
870334,2586
16129485,2587
19166671,2588
323030,2589
8366842,2590
13493084,2591
7731241,2592
557658,2593
9053886,2594
6328360,2595
36226762,2596
19414788,2597
9286985,2598
20550258,2599
10644173,2600
668995,2601
2451727,2602
1306084,2603
8342870,2604
1451580,2605
6328831,2606
9405847,2607
9559559,2608
771287,2609
13441895,2610
4833873,2611
19320855,2612
2991032,2613
29771250,2614
21222124,2615
9806653,2616
8661484,2617
6422040,2618
11164810,2619
19201589,2620
8207905,2621
31525696,2622
960630,2623
10796250,2624
9278450,2625
8188696,2626
29692766,2627
17618843,2628
19072790,2629
20456312,2630
14448979,2631
18916254,2632
3520959,2633
9813980,2634
10837267,2635
10226339,2636
18297591,2637
34699007,2638
6776904,2639
11226010,2640
29695665,2641
2287861,2642
1132719,2643
2067866,2644
30683751,2645
19039339,2646
1649025,2647
35724180,2648
25091398,2649
23437420,2650
3944736,2651
36421870,2652
27810373,2653
1223422,2654
6357635,2655
145155,2656
157806,2657
36443225,2658
22151118,2659
7686692,2660
20437079,2661
19389299,2662
18872327,2663
19018999,2664
19076337,2665
1715564,2666
9852751,2667
15401400,2668
11901069,2669
2085055,2670
9181073,2671
257441,2672
2031078,2673
28094057,2674
3418495,2675
20441625,2676
5989936,2677
524250,2678
17198305,2679
23275247,2680
4760341,2681
8573782,2682
8703859,2683
6891531,2684
6348691,2685
119042,2686
3697251,2687
1589367,2688
10059988,2689
3157588,2690
2504418,2691
2650331,2692
19382538,2693
6581746,2694
10965299,2695
18883072,2696
7226425,2697
6346213,2698
18815097,2699
19241923,2700
232152,2701
7244852,2702
3141406,2703
15111815,2704
14334273,2705
2018639,2706
144994,2707
7512070,2708
9582404,2709
25264732,2710
2455799,2711
4218781,2712
35558881,2713
19186800,2714
11241140,2715
6570305,2716
1902929,2717
9212482,2718
2351294,2719
1729015,2720
11306724,2721
13831813,2722
10209924,2723
4978929,2724
954412,2725
5976571,2726
18971632,2727
8843595,2728
18883065,2729
525145,2730
11184888,2731
6149872,2732
3121039,2733
2304875,2734
9721239,2735
7914053,2736
22054788,2737
19076813,2738
16116792,2739
19258512,2740
973524,2741
2813227,2742
18849733,2743
9828091,2744
5402661,2745
9131045,2746
13042656,2747
1980039,2748
14386840,2749
8208395,2750
2805307,2751
8871363,2752
837452,2753
5144133,2754
19167506,2755
2800366,2756
8760232,2757
12456197,2758
20297,2759
8886680,2760
26143997,2761
1838314,2762
18908177,2763
7057796,2764
4051531,2765
182086,2766
664693,2767
19100368,2768
11043832,2769
30704707,2770
19281444,2771
10260616,2772
8326131,2773
13432779,2774
19167052,2775
8662523,2776
18711345,2777
8246564,2778
25398830,2779
14293703,2780
208366,2781
10883365,2782
3217001,2783
10925138,2784
8507889,2785
611263,2786
341863,2787
19399497,2788
11973892,2789
18039640,2790
29355277,2791
1014824,2792
14330095,2793
4682573,2794
787463,2795
18680865,2796
752907,2797
7817492,2798
20450257,2799
6501605,2800
574139,2801
514575,2802
6618359,2803
2090622,2804
10290538,2805
342994,2806
25753492,2807
12065215,2808
16049795,2809
17884353,2810
2291241,2811
16049797,2812
18721889,2813
2208200,2814
13616405,2815
2241599,2816
1888427,2817
8380905,2818
4689688,2819
12900406,2820
903354,2821
132247,2822
7345792,2823
20496927,2824
11472630,2825
3609868,2826
9047676,2827
6239948,2828
1530498,2829
18951937,2830
8132548,2831
8457624,2832
8809178,2833
190008,2834
8062776,2835
18881447,2836
6868658,2837
11124667,2838
6409591,2839
8719757,2840
6100169,2841
2688840,2842
1294145,2843
1869367,2844
21109710,2845
21450668,2846
2381867,2847
757658,2848
18889986,2849
341862,2850
27447022,2851
25237933,2852
1112928,2853
29807911,2854
22787633,2855
55293,2856
12352957,2857
4661602,2858
7074269,2859
2443402,2860
18849998,2861
949705,2862
20660671,2863
6519002,2864
12927598,2865
16071125,2866
8240623,2867
963714,2868
21186901,2869
2806837,2870
576781,2871
7551321,2872
11452063,2873
23180356,2874
34738809,2875
20898804,2876
19057552,2877
4343141,2878
6600636,2879
6481201,2880
5761311,2881
19007327,2882
19389679,2883
4211052,2884
2570306,2885
1742350,2886
18752021,2887
36183720,2888
8323772,2889
1488457,2890
20507314,2891
1048976,2892
8467588,2893
6497497,2894
11718663,2895
7470037,2896
26813900,2897
7048252,2898
19429338,2899
6624689,2900
15114476,2901
30684488,2902
5606099,2903
546238,2904
11298219,2905
1257797,2906
1291596,2907
19249576,2908
14468539,2909
11627566,2910
19420961,2911
5310696,2912
18922922,2913
12413708,2914
2055493,2915
11146905,2916
13454959,2917
10410371,2918
18896368,2919
8130395,2920
6376858,2921
25934944,2922
18909975,2923
9462054,2924
10946063,2925
14613133,2926
10811493,2927
18964931,2928
872716,2929
7118365,2930
7314583,2931
19187397,2932
12777089,2933
7708365,2934
18899574,2935
9850427,2936
29756494,2937
8518094,2938
4861024,2939
12887775,2940
8148966,2941
8163068,2942
8667847,2943
11459914,2944
8613637,2945
18991455,2946
23575051,2947
7981725,2948
19052262,2949
19311078,2950
5002395,2951
8435507,2952
19187060,2953
5224732,2954
18936670,2955
19077437,2956
3781084,2957
8244398,2958
15758324,2959
3631139,2960
856232,2961
1788401,2962
21481667,2963
26777081,2964
13498055,2965
7689554,2966
1363427,2967
2910722,2968
19337,2969
2551913,2970
3924633,2971
338709,2972
1514213,2973
379319,2974
2053332,2975
1865707,2976
3206604,2977
2133706,2978
180827,2979
11360118,2980
315298,2981
3209413,2982
13432747,2983
14330846,2984
18167901,2985
1798533,2986
9485959,2987
13284171,2988
20389850,2989
1105476,2990
8375340,2991
7390400,2992
6433470,2993
543095,2994
10319646,2995
1303825,2996
8247814,2997
8550577,2998
8990043,2999
18730652,3000
14215422,3001
7200509,3002
3825383,3003
20729941,3004
1521810,3005
15068056,3006
6687723,3007
4653084,3008
3137082,3009
6088371,3010
2486999,3011
10128123,3012
9673838,3013
12763567,3014
525598,3015
19376455,3016
7743900,3017
7155176,3018
18619387,3019
18901296,3020
3123907,3021
19490439,3022
5034919,3023
1433664,3024
19064369,3025
6249442,3026
12207266,3027
185051,3028
51134,3029
6560219,3030
1140706,3031
1884776,3032
670773,3033
17319129,3034
11394066,3035
324126,3036
36374,3037
1344447,3038
4693632,3039
609599,3040
9638695,3041
344952,3042
2344476,3043
752963,3044
19115601,3045
2514331,3046
10204618,3047
885512,3048
32615012,3049
20451419,3050
18882346,3051
22891122,3052
8376281,3053
8358377,3054
433416,3055
19484736,3056
21035232,3057
1294251,3058
10290539,3059
1968505,3060
608727,3061
19052330,3062
968595,3063
1636013,3064
19388902,3065
8769136,3066
22070623,3067
16082904,3068
8877571,3069
18928776,3070
10151035,3071
2179170,3072
9393276,3073
6970597,3074
25990215,3075
19347293,3076
1186124,3077
7370198,3078
6032477,3079
4962046,3080
2100757,3081
11764379,3082
12485436,3083
20878046,3084
1531663,3085
18334508,3086
18838835,3087
18974090,3088
6561941,3089
11177182,3090
649387,3091
9906317,3092
8727428,3093
3532682,3094
6520970,3095
11483790,3096
19049069,3097
8461501,3098
19396846,3099
18886726,3100
672737,3101
1871267,3102
5709866,3103
8545921,3104
17696520,3105
20634832,3106
18932822,3107
11517458,3108
18868121,3109
18909726,3110
8483916,3111
3411376,3112
22891150,3113
2572717,3114
7573510,3115
7629866,3116
6694179,3117
20323822,3118
21798832,3119
8267911,3120
240011,3121
2763901,3122
2873312,3123
10530412,3124
3103470,3125
26042391,3126
5486473,3127
6105940,3128
608156,3129
2849559,3130
7825596,3131
6622446,3132
12211030,3133
4829088,3134
8801370,3135
8257493,3136
2166165,3137
14293917,3138
22891133,3139
18955693,3140
18369587,3141
7541725,3142
8614745,3143
8422551,3144
3444130,3145
20882429,3146
4238416,3147
6594282,3148
6522280,3149
151921,3150
12232406,3151
18756502,3152
7506791,3153
341351,3154
7333651,3155
6444899,3156
1819127,3157
8099391,3158
14332292,3159
4817812,3160
469232,3161
12220064,3162
20949977,3163
1831541,3164
8016472,3165
12148808,3166
4459099,3167
565512,3168
8891527,3169
3162442,3170
6774840,3171
10437473,3172
19062604,3173
11344494,3174
6676697,3175
6469736,3176
19164544,3177
7551402,3178
8320074,3179
19412714,3180
6660278,3181
11310094,3182
19434876,3183
17666348,3184
8232336,3185
7072943,3186
2119088,3187
3121044,3188
18947185,3189
21259632,3190
19316816,3191
804628,3192
264322,3193
2463160,3194
1180413,3195
35312213,3196
19311015,3197
18958070,3198
489065,3199
10435857,3200
32079889,3201
22386257,3202
18717531,3203
28841,3204
1025930,3205
1073260,3206
8768612,3207
18923645,3208
5869966,3209
19507988,3210
15990166,3211
6138655,3212
15701593,3213
17319081,3214
13162430,3215
5508759,3216
237143,3217
6789525,3218
7625556,3219
19695480,3220
10745370,3221
13162507,3222
858001,3223
51149,3224
3227758,3225
11977739,3226
8619711,3227
3068998,3228
2282859,3229
8301518,3230
8840053,3231
1249410,3232
2257541,3233
1210751,3234
7200484,3235
21845717,3236
20693037,3237
18900033,3238
27466134,3239
9949700,3240
12989748,3241
14328372,3242
5378625,3243
19265939,3244
6664192,3245
10213711,3246
7908640,3247
493651,3248
1692227,3249
16038259,3250
6993207,3251
11398094,3252
11384833,3253
10339117,3254
1664061,3255
19200229,3256
11869068,3257
10305988,3258
18919092,3259
22728968,3260
516224,3261
18896192,3262
5026639,3263
882945,3264
1528614,3265
6326104,3266
7550283,3267
8391641,3268
8102686,3269
25284897,3270
9768108,3271
1579135,3272
612154,3273
8240779,3274
11320582,3275
11878005,3276
14319099,3277
9066032,3278
8471064,3279
8175069,3280
6347863,3281
6571724,3282
851516,3283
553243,3284
11088862,3285
12188858,3286
24352387,3287
11269625,3288
12128082,3289
6266969,3290
4280093,3291
21327908,3292
21125768,3293
11310422,3294
11243810,3295
22891139,3296
1266134,3297
15899017,3298
20874533,3299
19096299,3300
9799026,3301
8855169,3302
4677286,3303
16066075,3304
12204937,3305
5424730,3306
7238895,3307
18760879,3308
21221596,3309
10772964,3310
1542314,3311
6593102,3312
452882,3313
11188209,3314
6479269,3315
25454933,3316
2261090,3317
18979119,3318
8537549,3319
18963922,3320
19052314,3321
535651,3322
14992904,3323
17261509,3324
915698,3325
18670760,3326
12475728,3327
2058305,3328
20701548,3329
8970132,3330
22168390,3331
8840269,3332
6271853,3333
8987929,3334
6520104,3335
8157383,3336
2315786,3337
2320732,3338
1417677,3339
8112011,3340
19254055,3341
5938452,3342
13504096,3343
23690778,3344
7860118,3345
11696785,3346
32192001,3347
10000923,3348
22707893,3349
7617938,3350
19306035,3351
20765928,3352
966416,3353
19215197,3354
1272030,3355
19277943,3356
9679461,3357
2129177,3358
19083093,3359
18742908,3360
6554940,3361
6953504,3362
22340790,3363
7580347,3364
1814793,3365
17167093,3366
19221665,3367
10518679,3368
8522454,3369
11685279,3370
19157472,3371
442905,3372
1859320,3373
21267798,3374
6495274,3375
19308103,3376
332608,3377
18900910,3378
1624149,3379
23324389,3380
6624683,3381
4465808,3382
8783858,3383
20750852,3384
11970811,3385
15701009,3386
8640986,3387
1896844,3388
6397902,3389
2511999,3390
33978353,3391
21322557,3392
19388956,3393
29897063,3394
8891751,3395
835800,3396
18619520,3397
494487,3398
11963501,3399
19250588,3400
2566504,3401
8971289,3402
1573943,3403
8586100,3404
11425820,3405
3723832,3406
12412879,3407
2299352,3408
6477402,3409
27396965,3410
1705720,3411
9960673,3412
6178216,3413
8131270,3414
29549943,3415
18895134,3416
19428171,3417
9882987,3418
6637983,3419
3385640,3420
6606568,3421
897559,3422
18901367,3423
19009626,3424
2186855,3425
13164038,3426
9491885,3427
5681814,3428
14464396,3429
19005416,3430
888134,3431
2065688,3432
24252499,3433
6346555,3434
4072340,3435
20426497,3436
2158140,3437
10557022,3438
18885621,3439
9280588,3440
18692630,3441
7160253,3442
696563,3443
11547181,3444
16557156,3445
890365,3446
19048083,3447
29101305,3448
19295280,3449
6944368,3450
23542673,3451
10556801,3452
19295022,3453
19263735,3454
12316150,3455
16417240,3456
1815009,3457
18921337,3458
13022979,3459
2188884,3460
18947859,3461
18950987,3462
29507265,3463
19112778,3464
3752935,3465
13448479,3466
4457364,3467
774802,3468
11284829,3469
6804150,3470
33266967,3471
597702,3472
33826120,3473
3784574,3474
22401378,3475
6131003,3476
11317462,3477
6286500,3478
26703613,3479
30359029,3480
255454,3481
20499326,3482
1856297,3483
31123716,3484
1604447,3485
676212,3486
5954947,3487
2257279,3488
21062331,3489
13498265,3490
25134725,3491
6477408,3492
8562977,3493
7243451,3494
10766720,3495
13833821,3496
24266512,3497
13421241,3498
1205804,3499
5375703,3500
12416918,3501
29533271,3502
1902912,3503
15079050,3504
21868645,3505
14318776,3506
6465197,3507
35879483,3508
18907853,3509
23789624,3510
11886748,3511
2305495,3512
19198960,3513
18938664,3514
10992797,3515
7041345,3516
27853664,3517
13020157,3518
11112531,3519
2504736,3520
6952280,3521
36146812,3522
1183900,3523
6474912,3524
1758983,3525
20436523,3526
10680790,3527
21267741,3528
7863215,3529
19026000,3530
16726631,3531
2308435,3532
544886,3533
6616573,3534
19168461,3535
14300140,3536
19222082,3537
2266462,3538
1327384,3539
25146561,3540
3082506,3541
30352037,3542
19849690,3543
19402728,3544
10046808,3545
4435669,3546
29509122,3547
9232937,3548
29979491,3549
6121309,3550
11965094,3551
14483206,3552
10863645,3553
6043987,3554
491407,3555
12700927,3556
702481,3557
11320566,3558
230446,3559
4340112,3560
19301800,3561
15893380,3562
1760313,3563
8389404,3564
10860080,3565
13034188,3566
1415644,3567
19512687,3568
12637744,3569
6698439,3570
16047048,3571
12963446,3572
7571280,3573
18679329,3574
886321,3575
18973366,3576
2328613,3577
2084248,3578
19470610,3579
24826360,3580
16058967,3581
43958,3582
19179026,3583
9943876,3584
8273340,3585
3160779,3586
813144,3587
7902885,3588
9940744,3589
12093786,3590
11112699,3591
19426226,3592
6632229,3593
375712,3594
12934793,3595
1800460,3596
6001430,3597
1593717,3598
12088735,3599
11252200,3600
13516045,3601
151757,3602
438147,3603
9056149,3604
19191728,3605
22366927,3606
20408661,3607
6588511,3608
5534060,3609
14293497,3610
7637339,3611
1131832,3612
7713107,3613
12917767,3614
6115240,3615
12059228,3616
3137164,3617
5947023,3618
6614438,3619
751629,3620
4309028,3621
13044584,3622
9994610,3623
21951530,3624
3877904,3625
10052304,3626
10563610,3627
9896271,3628
2467151,3629
8356546,3630
15706144,3631
19274292,3632
15704247,3633
7090582,3634
2522880,3635
1195469,3636
9745696,3637
423827,3638
5195830,3639
3318055,3640
523814,3641
2904769,3642
24874316,3643
3151496,3644
16050366,3645
3742798,3646
10723740,3647
2065388,3648
464833,3649
11567374,3650
8149231,3651
19099062,3652
10942159,3653
32057773,3654
8050407,3655
8544062,3656
8460590,3657
8279992,3658
2700389,3659
18928074,3660
8461269,3661
6509845,3662
863838,3663
25951425,3664
8151043,3665
1871338,3666
10933525,3667
9734123,3668
8310602,3669
253850,3670
12802358,3671
9487764,3672
8542888,3673
10423238,3674
2504739,3675
7350012,3676
6328761,3677
12360061,3678
47210,3679
10290976,3680
1608214,3681
7882464,3682
29434621,3683
7685428,3684
26093667,3685
2939116,3686
10445020,3687
11301142,3688
7466969,3689
19475006,3690
2753400,3691
20124059,3692
3550238,3693
11036882,3694
2279784,3695
6271556,3696
51703,3697
6280558,3698
1663353,3699
5960343,3700
7187644,3701
16157253,3702
14332555,3703
7123007,3704
18936049,3705
6352629,3706
29546035,3707
6621751,3708
8716923,3709
1902916,3710
574141,3711
476233,3712
11448870,3713
8652324,3714
8850253,3715
6328760,3716
4660296,3717
13543107,3718
3406250,3719
783175,3720
16600411,3721
16600416,3722
6257952,3723
9128271,3724
19266869,3725
3360268,3726
19150411,3727
525003,3728
1939823,3729
15101590,3730
22570424,3731
1180695,3732
8360871,3733
10086485,3734
9920114,3735
17316676,3736
243117,3737
446473,3738
7232296,3739
5339650,3740
4597840,3741
7279737,3742
7277831,3743
8754858,3744
10875385,3745
6005790,3746
14328511,3747
456675,3748
33999,3749
765306,3750
21282213,3751
19507785,3752
2240781,3753
637971,3754
10338675,3755
2902612,3756
25024961,3757
11235033,3758
20418458,3759
28183933,3760
32725021,3761
19399980,3762
19315865,3763
18985779,3764
11720169,3765
7190316,3766
15715744,3767
21386839,3768
18516522,3769
961937,3770
19290848,3771
9092689,3772
1630394,3773
12128407,3774
2690359,3775
10701501,3776
3143411,3777
17143391,3778
8580683,3779
18802586,3780
13178321,3781
17180572,3782
8749198,3783
341861,3784
22057017,3785
7000448,3786
10713658,3787
1235114,3788
341864,3789
226284,3790
6953575,3791
8227546,3792
11384136,3793
466449,3794
854259,3795
2510698,3796
2981230,3797
22630191,3798
8570387,3799
6839106,3800
19016686,3801
8645020,3802
10351945,3803
3035855,3804
11461081,3805
6640159,3806
955496,3807
8140617,3808
771490,3809
2308437,3810
11653632,3811
23306499,3812
10330117,3813
882956,3814
3102350,3815
9960522,3816
6987114,3817
15821815,3818
11263016,3819
25058845,3820
21023701,3821
7755216,3822
2466658,3823
11390638,3824
8454741,3825
20776265,3826
8140868,3827
124259,3828
28180680,3829
10252674,3830
19460719,3831
5967191,3832
865717,3833
18520650,3834
6375326,3835
12198945,3836
1156922,3837
12412445,3838
6976199,3839
25054431,3840
8454621,3841
19013350,3842
3373240,3843
11703371,3844
6392337,3845
9774744,3846
5746479,3847
9774185,3848
12215848,3849
6428186,3850
12761509,3851
13493237,3852
7267074,3853
13224755,3854
1577133,3855
1980950,3856
11069937,3857
8538760,3858
3818893,3859
12470511,3860
11406028,3861
12696038,3862
2158788,3863
10179611,3864
1693449,3865
956159,3866
26859502,3867
8705218,3868
18907145,3869
18721795,3870
18824486,3871
13564372,3872
2726792,3873
11398137,3874
19380085,3875
18891456,3876
15368946,3877
14968745,3878
868211,3879
1000962,3880
262169,3881
18995980,3882
284017,3883
247126,3884
19052840,3885
6652122,3886
6217782,3887
27859361,3888
10981612,3889
8643468,3890
11508678,3891
11522278,3892
20770180,3893
19266650,3894
2888826,3895
12257628,3896
6297196,3897
12789816,3898
10404199,3899
12061689,3900
12944301,3901
4233237,3902
10549796,3903
21236872,3904
1516223,3905
1527654,3906
5451059,3907
6404858,3908
19194987,3909
11021869,3910
11324945,3911
10843074,3912
8315154,3913
6014848,3914
19327005,3915
19254091,3916
716361,3917
24847786,3918
6573855,3919
11640394,3920
6504840,3921
28958588,3922
22075079,3923
8328006,3924
11181269,3925
6356126,3926
17911305,3927
11156916,3928
9722239,3929
18995563,3930
3468650,3931
1389906,3932
8849693,3933
7550698,3934
18898527,3935
11539788,3936
21070969,3937
7680200,3938
29129157,3939
7543444,3940
8111948,3941
13000366,3942
6351462,3943
10118066,3944
93568,3945
29386708,3946
8466228,3947
11120764,3948
1808509,3949
29780256,3950
18593101,3951
7500485,3952
4169151,3953
7362471,3954
6262916,3955
7441552,3956
8200231,3957
11928404,3958
17202735,3959
16120850,3960
5105720,3961
6298637,3962
6280548,3963
1818247,3964
7042379,3965
3055903,3966
21210146,3967
5973082,3968
4935233,3969
19258423,3970
22570578,3971
12375799,3972
13064672,3973
2644089,3974
7271743,3975
1329540,3976
19014273,3977
19080069,3978
7939797,3979
5844585,3980
22805635,3981
7461788,3982
8728638,3983
18918824,3984
10990857,3985
4702206,3986
18938568,3987
20763069,3988
35889428,3989
6425294,3990
19178431,3991
12072149,3992
6578169,3993
7567835,3994
21105513,3995
24996230,3996
703084,3997
6644953,3998
19196142,3999
10794931,4000
2840020,4001
8848359,4002
19266854,4003
31395817,4004
19005477,4005
139425,4006
20408663,4007
7102487,4008
20499296,4009
710303,4010
1855156,4011
13264323,4012
589514,4013
6303377,4014
851067,4015
21570139,4016
18955483,4017
8289607,4018
8299643,4019
6592686,4020
2059942,4021
2711108,4022
2849211,4023
21944816,4024
6930663,4025
872351,4026
19292353,4027
18107797,4028
7293254,4029
6948112,4030
2153684,4031
815295,4032
13447214,4033
16999839,4034
8710409,4035
3490739,4036
10473808,4037
6328940,4038
20256651,4039
19187140,4040
18665293,4041
10878412,4042
445700,4043
6322874,4044
12182872,4045
835508,4046
6433991,4047
358766,4048
21226414,4049
11175335,4050
8705589,4051
6539044,4052
8654006,4053
21044769,4054
35409150,4055
6989119,4056
19330186,4057
10987327,4058
646761,4059
7964173,4060
19328666,4061
13376102,4062
10564473,4063
10665750,4064
9023974,4065
213254,4066
1339655,4067
36095644,4068
2839325,4069
19086115,4070
269177,4071
19458535,4072
13574344,4073
18891942,4074
320305,4075
7765424,4076
20766859,4077
14403018,4078
3529331,4079
12239558,4080
11812331,4081
4549165,4082
19034155,4083
6794918,4084
6738795,4085
11468356,4086
6870185,4087
10348816,4088
7423885,4089
10146376,4090
7869125,4091
19102846,4092
28404227,4093
5355527,4094
23174787,4095
9963723,4096
29657753,4097
16238376,4098
10433681,4099
15835582,4100
7143129,4101
18902278,4102
12526938,4103
23705664,4104
6621211,4105
4051530,4106
11514886,4107
11680844,4108
20121682,4109
8113184,4110
9424712,4111
19167552,4112
20529192,4113
179066,4114
6240827,4115
1685719,4116
8776749,4117
21330996,4118
10227801,4119
8654874,4120
2929369,4121
4711999,4122
839727,4123
24492780,4124
8859260,4125
372413,4126
11776509,4127
19419340,4128
9121167,4129
18910999,4130
18692583,4131
30326300,4132
5844763,4133
10300385,4134
10643143,4135
10859164,4136
6093133,4137
677065,4138
6773256,4139
11331956,4140
19564876,4141
19488705,4142
3978337,4143
1481832,4144
5230844,4145
8493796,4146
15762210,4147
8493797,4148
7185033,4149
4143650,4150
8493800,4151
8535296,4152
2193839,4153
6428539,4154
28265984,4155
939768,4156
16387674,4157
7021365,4158
6600862,4159
8249973,4160
1368042,4161
22560393,4162
19399724,4163
19276323,4164
1021455,4165
11332619,4166
10102689,4167
10554794,4168
34709938,4169
18881464,4170
7552134,4171
8523153,4172
6290519,4173
6465639,4174
5628269,4175
19415145,4176
6479536,4177
12896776,4178
19052181,4179
24665686,4180
6260270,4181
6328980,4182
5969975,4183
17271941,4184
1142327,4185
389469,4186
11316372,4187
2744382,4188
5646007,4189
10171469,4190
10103545,4191
9248692,4192
19062355,4193
9112510,4194
19219723,4195
7830532,4196
18999855,4197
7574854,4198
25656756,4199
25321723,4200
20504381,4201
6449375,4202
5622735,4203
1184698,4204
716523,4205
1774096,4206
35069928,4207
517088,4208
1052081,4209
6202126,4210
1699547,4211
18712524,4212
6280596,4213
10842159,4214
8597869,4215
13616392,4216
12661886,4217
12944480,4218
12944515,4219
12944322,4220
12944516,4221
12944485,4222
12944517,4223
1769526,4224
6314423,4225
7831082,4226
11036964,4227
4661218,4228
15828204,4229
28757096,4230
12619208,4231
8111922,4232
10013729,4233
1197691,4234
7199539,4235
6001787,4236
10866416,4237
8397564,4238
11911957,4239
11729624,4240
14475628,4241
11838339,4242
20415287,4243
18868929,4244
414489,4245
149792,4246
6488447,4247
18951634,4248
19274323,4249
11059999,4250
7896608,4251
19077186,4252
28192518,4253
14301234,4254
19264124,4255
7670478,4256
6328997,4257
18895274,4258
21214770,4259
1031228,4260
8664259,4261
8573447,4262
8148969,4263
11517067,4264
14298177,4265
5442614,4266
35122088,4267
12308919,4268
18918008,4269
14403077,4270
6412074,4271
5350152,4272
9408801,4273
25073624,4274
3468473,4275
11438641,4276
6448630,4277
19302806,4278
149490,4279
24949945,4280
23704034,4281
443209,4282
10364604,4283
7472207,4284
6342695,4285
29440040,4286
8795953,4287
10105337,4288
1554931,4289
19243574,4290
15159715,4291
6731014,4292
3577851,4293
20879435,4294
6731025,4295
2570177,4296
12861115,4297
26896131,4298
23446625,4299
2561729,4300
12004516,4301
729161,4302
19382341,4303
10864836,4304
3700881,4305
8347129,4306
6518266,4307
23896115,4308
11833133,4309
19113387,4310
8759330,4311
2684421,4312
30099298,4313
11394752,4314
1756413,4315
6059109,4316
7550457,4317
27019983,4318
14307979,4319
3136725,4320
8042424,4321
6433801,4322
6129793,4323
5740504,4324
2496180,4325
11552748,4326
1934433,4327
9601635,4328
10561297,4329
14613196,4330
11871265,4331
19476536,4332
10960353,4333
8204237,4334
1375510,4335
23127283,4336
8580697,4337
11064116,4338
1879123,4339
11777280,4340
19162482,4341
8030788,4342
18887937,4343
2167858,4344
20659770,4345
19098141,4346
13481132,4347
7539258,4348
8005437,4349
8489644,4350
6356127,4351
6731345,4352
15756568,4353
13294090,4354
9637578,4355
11696768,4356
6273859,4357
6280593,4358
6477077,4359
7361201,4360
6357069,4361
297999,4362
20563406,4363
4050234,4364
677591,4365
6709772,4366
12233865,4367
9004539,4368
11244517,4369
19167326,4370
3453250,4371
752273,4372
12276520,4373
7302063,4374
6817453,4375
11288425,4376
22615982,4377
343037,4378
11696871,4379
4850709,4380
24637,4381
12244791,4382
6542628,4383
18841864,4384
8241916,4385
13497240,4386
24453259,4387
296137,4388
19165559,4389
13164185,4390
6944370,4391
20655109,4392
6061088,4393
12433348,4394
20382202,4395
1438941,4396
6563011,4397
8072215,4398
803378,4399
18513542,4400
14403131,4401
11337614,4402
21531916,4403
10713130,4404
5036149,4405
11869762,4406
3661586,4407
8543595,4408
28923070,4409
17251599,4410
15989567,4411
11077482,4412
11715473,4413
7602769,4414
19191808,4415
7363712,4416
26511745,4417
6005058,4418
316577,4419
8347308,4420
6887529,4421
1013867,4422
6723614,4423
2061894,4424
20323700,4425
13076494,4426
8632284,4427
26341763,4428
9612616,4429
11013514,4430
7201304,4431
21218656,4432
6936609,4433
45191,4434
24681709,4435
160057,4436
19485500,4437
22806747,4438
27475776,4439
9701653,4440
11338911,4441
12219464,4442
21217657,4443
21076638,4444
11723143,4445
19538,4446
6568286,4447
1362846,4448
6315488,4449
10238705,4450
12152970,4451
8848388,4452
29765786,4453
9284793,4454
7622491,4455
1352191,4456
17975348,4457
7522527,4458
7006290,4459
9136769,4460
8871414,4461
7743334,4462
15753334,4463
7856902,4464
2502543,4465
18982598,4466
19410617,4467
6663198,4468
12264743,4469
32201999,4470
6580195,4471
11300373,4472
10216463,4473
9749568,4474
6414271,4475
8197298,4476
19076967,4477
9260719,4478
11364900,4479
11501028,4480
31339144,4481
1993904,4482
11391296,4483
24648,4484
18957525,4485
20339902,4486
18602579,4487
1608662,4488
24109303,4489
6493511,4490
4457502,4491
7187432,4492
6428131,4493
7898501,4494
12669849,4495
6257410,4496
14307562,4497
21428358,4498
18075073,4499
6634352,4500
29224826,4501
17791859,4502
6552387,4503
13345098,4504
2203176,4505
7479376,4506
185075,4507
13568527,4508
12005586,4509
21998277,4510
7491726,4511
2215145,4512
1220908,4513
1590092,4514
8478100,4515
319797,4516
27749956,4517
7209569,4518
12007208,4519
627830,4520
4887116,4521
18165044,4522
23991162,4523
10360401,4524
5068849,4525
6489371,4526
6634770,4527
20576987,4528
11426549,4529
11677567,4530
1223011,4531
14571582,4532
11026750,4533
23937684,4534
20336910,4535
6664572,4536
19162587,4537
20568421,4538
4917725,4539
6545141,4540
35631948,4541
14304037,4542
7136697,4543
19462083,4544
11861452,4545
14402883,4546
12944478,4547
8708589,4548
15032264,4549
8512053,4550
29751043,4551
10700573,4552
10532686,4553
4237966,4554
18981833,4555
10567935,4556
11928463,4557
9581058,4558
11103923,4559
13514391,4560
14548070,4561
11342360,4562
2181384,4563
19594020,4564
30121266,4565
13375018,4566
20566172,4567
19473779,4568
33267809,4569
19419383,4570
11696749,4571
8177184,4572
7969786,4573
11065316,4574
20581555,4575
1336323,4576
19328675,4577
8240710,4578
18917582,4579
6063772,4580
29481230,4581
18856316,4582
8782215,4583
7240692,4584
8708952,4585
6503111,4586
7183381,4587
11568180,4588
10431390,4589
21504789,4590
10215282,4591
19273502,4592
19310481,4593
29208888,4594
554816,4595
7171934,4596
11954458,4597
19263706,4598
6147201,4599
16053013,4600
6682593,4601
6695542,4602
372414,4603
15846147,4604
6699887,4605
6775812,4606
20576716,4607
5632579,4608
12239476,4609
29853953,4610
20359250,4611
1057733,4612
30047489,4613
8871413,4614
1467215,4615
14296167,4616
9412815,4617
8158796,4618
12927108,4619
17135154,4620
12582626,4621
10592876,4622
10099652,4623
17931259,4624
18814611,4625
10863592,4626
9180936,4627
19086825,4628
11713181,4629
12944590,4630
10990116,4631
11545519,4632
11468354,4633
10618687,4634
15989951,4635
12123104,4636
11510637,4637
7917080,4638
7327584,4639
5443650,4640
19058518,4641
25003484,4642
20895559,4643
9181712,4644
11341765,4645
20759988,4646
8836478,4647
11134522,4648
19065651,4649
9809033,4650
19243503,4651
9104276,4652
19468546,4653
13373512,4654
11086002,4655
20653598,4656
6656937,4657
11954464,4658
22493595,4659
11183922,4660
11107014,4661
7956773,4662
20343289,4663
8552115,4664
9164097,4665
10343296,4666
6637580,4667
6435070,4668
3480748,4669
7568114,4670
503887,4671
6405638,4672
10410170,4673
11410039,4674
17255927,4675
12916750,4676
8512062,4677
18898066,4678
168696,4679
3243142,4680
13357994,4681
20528187,4682
11954457,4683
8377209,4684
7999603,4685
22587597,4686
29626900,4687
9106991,4688
8811317,4689
34104103,4690
10626807,4691
11534141,4692
8413189,4693
18922800,4694
380859,4695
20514823,4696
20883543,4697
120338,4698
8859256,4699
2200784,4700
19108288,4701
18971523,4702
20516022,4703
20995691,4704
18954681,4705
1009344,4706
9194231,4707
7233842,4708
25446471,4709
19465493,4710
19050583,4711
19379369,4712
12647640,4713
10447889,4714
7659475,4715
404020,4716
8827183,4717
11696881,4718
32725492,4719
5088188,4720
12096396,4721
5823976,4722
18911443,4723
574128,4724
1782307,4725
397658,4726
20501391,4727
8169409,4728
23635991,4729
15703768,4730
3680113,4731
13594328,4732
6214236,4733
7591998,4734
10467138,4735
2620508,4736
29055614,4737
478684,4738
8111112,4739
7871129,4740
18828146,4741
9683124,4742
2916227,4743
8810428,4744
11246132,4745
8638519,4746
8192459,4747
8703272,4748
14317517,4749
28326080,4750
8182051,4751
25921827,4752
11405106,4753
10353988,4754
2627698,4755
8267784,4756
1466274,4757
18917500,4758
21177669,4759
9412251,4760
22323343,4761
26462972,4762
10379594,4763
19251636,4764
8890548,4765
29188526,4766
6576660,4767
9897077,4768
17908638,4769
11574406,4770
8748458,4771
5647808,4772
10400904,4773
14307707,4774
14561194,4775
11818194,4776
1893574,4777
20359964,4778
21070970,4779
12893874,4780
8492419,4781
14304578,4782
11440100,4783
19024503,4784
9406554,4785
35563615,4786
11156917,4787
425904,4788
10189434,4789
9473594,4790
18889039,4791
19250708,4792
11406971,4793
13349675,4794
8866935,4795
19662912,4796
8135677,4797
7955497,4798
8271716,4799
12173594,4800
10818944,4801
12377391,4802
8558773,4803
9495418,4804
14374645,4805
1005128,4806
19164929,4807
8623050,4808
13411251,4809
9627456,4810
2295176,4811
29355850,4812
1294288,4813
7994794,4814
20612101,4815
8009127,4816
2931627,4817
18392651,4818
12107079,4819
21964754,4820
13451853,4821
26817224,4822
8407667,4823
12423569,4824
9675485,4825
10201438,4826
62440,4827
19044116,4828
16299073,4829
18892529,4830
8711468,4831
6798779,4832
27012733,4833
19027382,4834
14402813,4835
13118643,4836
8237736,4837
12252220,4838
34807201,4839
11456431,4840
1876531,4841
19028470,4842
19473266,4843
14402990,4844
3185763,4845
13083683,4846
9819579,4847
21182592,4848
22083279,4849
24190926,4850
19406709,4851
13496487,4852
11442753,4853
16050933,4854
750164,4855
146943,4856
1294290,4857
10467137,4858
2724757,4859
24407180,4860
16698329,4861
10415910,4862
22514923,4863
8981143,4864
10189451,4865
11599627,4866
11690989,4867
1128143,4868
12279464,4869
24794106,4870
12228909,4871
20408068,4872
18891341,4873
11859364,4874
11062689,4875
11499170,4876
11074359,4877
16079154,4878
28831,4879
8708617,4880
14403066,4881
11611589,4882
2251777,4883
19251675,4884
10684180,4885
137268,4886
11928224,4887
11489101,4888
31697167,4889
10567632,4890
19301686,4891
19277286,4892
28766622,4893
10048052,4894
4260101,4895
10224130,4896
8700902,4897
12931750,4898
10567645,4899
8483987,4900
12232007,4901
13021832,4902
21262579,4903
9606763,4904
23228780,4905
18285572,4906
13641672,4907
11487654,4908
1099575,4909
10789899,4910
12075411,4911
20324905,4912
9542458,4913
840259,4914
19278752,4915
9850394,4916
13076495,4917
18995179,4918
15865755,4919
19094989,4920
11103485,4921
790362,4922
15870765,4923
1372019,4924
11299921,4925
9946668,4926
898794,4927
9802171,4928
25660966,4929
13640316,4930
20414672,4931
8678659,4932
21103002,4933
8676123,4934
10722717,4935
29224837,4936
318041,4937
29858290,4938
5262016,4939
19168236,4940
13225975,4941
18879206,4942
7244835,4943
1282716,4944
9549076,4945
13282935,4946
1437534,4947
12166375,4948
13191752,4949
1481412,4950
17901339,4951
10205180,4952
4917703,4953
19249518,4954
20075864,4955
6999664,4956
11353065,4957
11678072,4958
11542976,4959
27745738,4960
2598532,4961
5255333,4962
9899028,4963
11682166,4964
11119924,4965
4145805,4966
18226,4967
18814095,4968
21152524,4969
17448689,4970
15858422,4971
7632454,4972
20937597,4973
22675112,4974
1395206,4975
19231276,4976
11074062,4977
19225983,4978
19006464,4979
20125491,4980
14306369,4981
20346728,4982
10401238,4983
12079516,4984
12509344,4985
12472857,4986
22470742,4987
11398103,4988
9548884,4989
5792956,4990
20735074,4991
29523089,4992
17185463,4993
9654881,4994
11379673,4995
12232743,4996
19396287,4997
25427623,4998
397056,4999
27864564,5000
19387577,5001
12709343,5002
18925626,5003
9138582,5004
9351520,5005
11410876,5006
11125990,5007
3030931,5008
5390186,5009
5320537,5010
7551008,5011
939171,5012
9707933,5013
859020,5014
23232394,5015
3205316,5016
9366021,5017
1903872,5018
1809307,5019
9284215,5020
724391,5021
9434199,5022
9393455,5023
3181322,5024
5349826,5025
3346415,5026
23398461,5027
666893,5028
7497222,5029
11895508,5030
51652,5031
8755611,5032
7201358,5033
14316954,5034
10496722,5035
752890,5036
18919570,5037
8249482,5038
7054230,5039
7761056,5040
19438810,5041
20468756,5042
4009047,5043
32187211,5044
681594,5045
1611489,5046
956163,5047
880072,5048
11546499,5049
18953933,5050
6311109,5051
10150366,5052
18600607,5053
20617326,5054
12060887,5055
12060886,5056
9566988,5057
2675502,5058
10091812,5059
10127911,5060
10075838,5061
19057551,5062
19473234,5063
11706318,5064
11738950,5065
7142099,5066
14297346,5067
14395704,5068
19380154,5069
19683405,5070
19072558,5071
20751081,5072
2785781,5073
13001247,5074
11267056,5075
569469,5076
13626338,5077
141222,5078
11306106,5079
12083721,5080
474687,5081
19213070,5082
9113624,5083
19453176,5084
1193577,5085
6224356,5086
11557623,5087
14308510,5088
10427967,5089
29106315,5090
1480182,5091
2413015,5092
21121420,5093
21098870,5094
20492383,5095
1271254,5096
6131575,5097
1179574,5098
10556006,5099
5056810,5100
14235596,5101
19296007,5102
20439478,5103
16221523,5104
21952083,5105
11250583,5106
11620368,5107
11811029,5108
24509879,5109
11349031,5110
6070378,5111
20926429,5112
18873477,5113
12325303,5114
26834974,5115
32500695,5116
727577,5117
14448328,5118
1041353,5119
11888490,5120
10846097,5121
12383304,5122
2290239,5123
7854939,5124
11092873,5125
3092168,5126
11856144,5127
11645122,5128
19003848,5129
3769776,5130
6217261,5131
13061671,5132
28513050,5133
12154170,5134
16603240,5135
572690,5136
25293061,5137
13609334,5138
19128686,5139
11264333,5140
7542679,5141
1858974,5142
10024176,5143
11350011,5144
19070009,5145
20698311,5146
18679798,5147
6413195,5148
11550634,5149
20627608,5150
769638,5151
6057159,5152
9891227,5153
11957972,5154
12479727,5155
3864308,5156
19920221,5157
14564643,5158
18944904,5159
19103139,5160
12949767,5161
6925410,5162
8355777,5163
8716408,5164
11920873,5165
12371541,5166
19388958,5167
11928457,5168
9432891,5169
21845701,5170
19145497,5171
12785696,5172
13502107,5173
12511754,5174
11957510,5175
2579900,5176
9407010,5177
12180695,5178
9751228,5179
20911750,5180
12960998,5181
12991435,5182
11986324,5183
14402874,5184
19011597,5185
806232,5186
6850851,5187
16159655,5188
1845227,5189
12137556,5190
2713879,5191
2773139,5192
16087231,5193
12441132,5194
9751209,5195
18922070,5196
12377396,5197
21952364,5198
2377059,5199
16128407,5200
19088664,5201
13282497,5202
291961,5203
19356018,5204
12847171,5205
32119491,5206
18982385,5207
6452930,5208
18669553,5209
13125748,5210
20417196,5211
12490289,5212
19495340,5213
6628742,5214
26321241,5215
1016007,5216
17982961,5217
17982968,5218
12969856,5219
7242995,5220
10861915,5221
728765,5222
20604750,5223
20967486,5224
19193828,5225
13143638,5226
12736898,5227
8095805,5228
14448879,5229
7906428,5230
14323282,5231
9569097,5232
672061,5233
631985,5234
8282266,5235
34234556,5236
12899857,5237
18915280,5238
17902201,5239
37458,5240
20981438,5241
19250744,5242
17327107,5243
12444949,5244
10648223,5245
18841798,5246
19330914,5247
11749490,5248
19387574,5249
19590625,5250
18894660,5251
14851741,5252
16044434,5253
753024,5254
13562487,5255
18994182,5256
18804904,5257
18930320,5258
18952919,5259
1757504,5260
2777400,5261
1031919,5262
19854784,5263
19320487,5264
2987374,5265
11735261,5266
13645683,5267
19060128,5268
4591834,5269
18938603,5270
685731,5271
12191031,5272
2338531,5273
779652,5274
15111145,5275
19199195,5276
20501434,5277
21267249,5278
26395388,5279
20150417,5280
19372772,5281
7826374,5282
29570482,5283
18601156,5284
6368655,5285
18780643,5286
20539926,5287
18886731,5288
25438963,5289
161820,5290
8060196,5291
12588939,5292
24105997,5293
19301778,5294
514569,5295
19253987,5296
16237877,5297
18971214,5298
18759553,5299
9649836,5300
473303,5301
276507,5302
708809,5303
7812419,5304
14760236,5305
7204450,5306
18939633,5307
14382559,5308
2407854,5309
18894448,5310
28153618,5311
13834570,5312
31844550,5313
18943564,5314
19296446,5315
19296574,5316
11060288,5317
17207488,5318
7670689,5319
19407134,5320
14464232,5321
1862947,5322
19456328,5323
9132890,5324
9464153,5325
30119470,5326
18906418,5327
20049317,5328
6098211,5329
1429419,5330
18798732,5331
9829911,5332
19319369,5333
8786,5334
19116364,5335
2055450,5336
17733515,5337
17210040,5338
188897,5339
6911763,5340
26967845,5341
941618,5342
17412896,5343
16054267,5344
17438285,5345
18905850,5346
2819164,5347
2230798,5348
20516381,5349
22447846,5350
2166050,5351
755254,5352
920964,5353
14446759,5354
1862967,5355
19299059,5356
4833318,5357
19051844,5358
21177406,5359
577129,5360
14306440,5361
4912901,5362
21856230,5363
8711588,5364
8524430,5365
19222857,5366
8890844,5367
2500502,5368
19534694,5369
903193,5370
31462393,5371
19186760,5372
1526048,5373
19011454,5374
1558136,5375
19098186,5376
15761013,5377
18074327,5378
19103243,5379
7550159,5380
18896746,5381
19522498,5382
13604428,5383
16007715,5384
2177698,5385
17696512,5386
450297,5387
50185,5388
25731155,5389
20482833,5390
19320965,5391
17436397,5392
18956023,5393
19258994,5394
26966775,5395
19336385,5396
11918907,5397
13030567,5398
7577357,5399
19386872,5400
29234651,5401
12920372,5402
25033800,5403
18194825,5404
22314022,5405
15824619,5406
18924553,5407
19676115,5408
5845285,5409
15978567,5410
19458562,5411
9792560,5412
19521363,5413
26319649,5414
13085310,5415
18778194,5416
1385142,5417
8116146,5418
19242751,5419
2880214,5420
10578814,5421
8252912,5422
19294575,5423
17206349,5424
19295912,5425
18801507,5426
17677772,5427
3578650,5428
5520711,5429
19057224,5430
17622574,5431
189545,5432
7115393,5433
21045529,5434
10260682,5435
16104291,5436
17281768,5437
17677654,5438
2564627,5439
992772,5440
1719371,5441
1813426,5442
22061873,5443
13436219,5444
4449403,5445
1187650,5446
19004903,5447
189776,5448
4486338,5449
19543125,5450
14625309,5451
18487160,5452
1481274,5453
20748091,5454
20336583,5455
18849732,5456
16218969,5457
18681018,5458
628251,5459
22836975,5460
18955923,5461
372294,5462
1262041,5463
19325291,5464
16641624,5465
297440,5466
890643,5467
24100312,5468
19089052,5469
19089044,5470
18887748,5471
16074238,5472
12321796,5473
19413217,5474
7116998,5475
6255761,5476
17240243,5477
13641103,5478
6604020,5479
23146380,5480
4810774,5481
9825824,5482
19452613,5483
261832,5484
262400,5485
1785573,5486
17653820,5487
2738618,5488
10033860,5489
17318876,5490
12005162,5491
35598411,5492
26124405,5493
2485339,5494
17591454,5495
10403294,5496
13035888,5497
4413228,5498
4413247,5499
299990,5500
10500488,5501
14330342,5502
4413772,5503
10975557,5504
1502416,5505
801359,5506
17715547,5507
18172214,5508
3823753,5509
2296584,5510
3886852,5511
12058806,5512
36402124,5513
2717707,5514
793610,5515
7942561,5516
4222049,5517
20975630,5518
803332,5519
22498779,5520
7195583,5521
4470196,5522
7693713,5523
18587954,5524
4458428,5525
1641075,5526
28259731,5527
8523753,5528
21332594,5529
10551463,5530
11454099,5531
19315523,5532
22646203,5533
20527776,5534
18218825,5535
23540401,5536
818796,5537
27664514,5538
24939666,5539
24105363,5540
13265225,5541
22400807,5542
14336290,5543
26084903,5544
18006437,5545
23547288,5546
17570385,5547
2049405,5548
19104411,5549
4458209,5550
31788238,5551
11503378,5552
19104178,5553
23085134,5554
9767138,5555
8313072,5556
23160829,5557
18281216,5558
18462245,5559
13291670,5560
12510464,5561
23430393,5562
34118599,5563
18281228,5564
1761606,5565
10629809,5566
1276215,5567
12328853,5568
13510356,5569
831193,5570
18628530,5571
1601566,5572
12873966,5573
1000336,5574
3782574,5575
18898941,5576
8460805,5577
134484,5578
213732,5579
7242122,5580
93221,5581
1029413,5582
14573021,5583
25585532,5584
34992344,5585
23634026,5586
6440648,5587
13183235,5588
3189997,5589
5973700,5590
26230037,5591
11590012,5592
18172413,5593
154414,5594
13074109,5595
9845997,5596
19091703,5597
18296681,5598
12667041,5599
89265,5600
20715548,5601
835920,5602
8950654,5603
14221016,5604
24954990,5605
10108626,5606
9925522,5607
9846007,5608
6369026,5609
12474907,5610
6517807,5611
3308210,5612
10993587,5613
8974999,5614
19270528,5615
8840504,5616
9791299,5617
20576739,5618
24553990,5619
764976,5620
19091833,5621
6330681,5622
10396706,5623
2590497,5624
11403825,5625
10740688,5626
8187886,5627
4495036,5628
4375937,5629
5653116,5630
21454580,5631
30246415,5632
21542885,5633
3857919,5634
12037542,5635
23940872,5636
1871336,5637
34433425,5638
3005503,5639
682788,5640
25330568,5641
10233398,5642
14458404,5643
781419,5644
7592382,5645
22707439,5646
23263442,5647
776583,5648
29548580,5649
179073,5650
22244778,5651
918118,5652
6283877,5653
25317393,5654
34672116,5655
26136948,5656
23324385,5657
22379228,5658
797387,5659
9374547,5660
22696847,5661
7971427,5662
10044754,5663
27164751,5664
29653087,5665
23236631,5666
21334726,5667
2364074,5668
18005896,5669
29644823,5670
13449619,5671
844140,5672
9119079,5673
26897803,5674
21952306,5675
30755996,5676
22727709,5677
1413510,5678
478688,5679
22728631,5680
7620788,5681
12080766,5682
31756667,5683
10608888,5684
7877257,5685
2201175,5686
2181002,5687
2452465,5688
686762,5689
2556172,5690
13419419,5691
5391184,5692
8149704,5693
1695919,5694
4362060,5695
33268199,5696
23166539,5697
19278871,5698
14380911,5699
753035,5700
2792439,5701
27650353,5702
1244989,5703
24240115,5704
3343688,5705
2975298,5706
1607224,5707
473059,5708
23166635,5709
2651886,5710
6942959,5711
3111759,5712
4034176,5713
901382,5714
13447252,5715
9664879,5716
19435023,5717
17571289,5718
15287473,5719
6555344,5720
24310724,5721
816767,5722
13143282,5723
574113,5724
6013500,5725
2982050,5726
18040430,5727
19530284,5728
2086207,5729
8113095,5730
4346699,5731
33796283,5732
24377477,5733
24375238,5734
24375168,5735
10227942,5736
15373361,5737
1082331,5738
7692677,5739
25446527,5740
10147946,5741
13546161,5742
25350352,5743
31574444,5744
5997201,5745
4903317,5746
21517881,5747
25854103,5748
28343029,5749
25045552,5750
25242858,5751
10105969,5752
26544784,5753
23119562,5754
13822049,5755
11109646,5756
18274084,5757
9947646,5758
7519040,5759
25432162,5760
27253734,5761
25752571,5762
17346322,5763
781433,5764
13520264,5765
6169987,5766
491436,5767
25579125,5768
17287846,5769
7551084,5770
9916665,5771
26034691,5772
27985664,5773
13479262,5774
9169392,5775
624823,5776
18896823,5777
26120238,5778
11022951,5779
27100675,5780
30238780,5781
24446649,5782
26577175,5783
26011669,5784
13558754,5785
26056170,5786
13579240,5787
26855726,5788
19140399,5789
7925003,5790
8568848,5791
13791642,5792
570641,5793
47151,5794
1220489,5795
25168584,5796
31330662,5797
28593726,5798
28445641,5799
833161,5800
27214658,5801
22014997,5802
1057177,5803
28928969,5804
14468170,5805
3782267,5806
3014626,5807
21986944,5808
27864322,5809
27454151,5810
23590866,5811
6839605,5812
24449107,5813
2617926,5814
28077806,5815
13454534,5816
5929,5817
1738465,5818
28427256,5819
9960321,5820
19245342,5821
904372,5822
2891813,5823
31930744,5824
27847690,5825
6001433,5826
816074,5827
183462,5828
5087012,5829
10212830,5830
15837891,5831
29061383,5832
29519419,5833
14201042,5834
23446621,5835
29061363,5836
3093819,5837
29859323,5838
35123692,5839
18902372,5840
29326084,5841
30094327,5842
7768242,5843
18894336,5844
29613608,5845
9445961,5846
33916583,5847
35896849,5848
20552474,5849
29753864,5850
30084372,5851
7954337,5852
13638148,5853
33810430,5854
29543159,5855
10595371,5856
29739245,5857
30086947,5858
12122757,5859
30306910,5860
35529351,5861
1394443,5862
9466904,5863
24286160,5864
2088512,5865
1549260,5866
26293438,5867
26930605,5868
34150759,5869
8938406,5870
35511265,5871
1330593,5872
2509091,5873
35649677,5874
28981941,5875
4448701,5876
10634923,5877
32168484,5878
7550787,5879
3142678,5880
31168051,5881
30077629,5882
25876412,5883
30275337,5884
17344468,5885
31682473,5886
10757634,5887
13626520,5888
2258426,5889
6831023,5890
11522042,5891
712701,5892
8987632,5893
31024772,5894
35575426,5895
22886366,5896
8356384,5897
32064067,5898
1525616,5899
685691,5900
30664013,5901
1401429,5902
20552952,5903
6856556,5904
23461212,5905
27077643,5906
1266963,5907
26973073,5908
2672191,5909
478814,5910
10480380,5911
6113016,5912
6458945,5913
3239586,5914
2061460,5915
32930101,5916
6375192,5917
32858125,5918
30571903,5919
13402096,5920
33019060,5921
2288216,5922
5057025,5923
33194901,5924
33892130,5925
6860037,5926
7551123,5927
30804790,5928
20280869,5929
2116112,5930
1645233,5931
6087198,5932
18331824,5933
483684,5934
24322886,5935
33669634,5936
33776130,5937
28245544,5938
1134009,5939
1835924,5940
12230957,5941
26032007,5942
7890425,5943
375624,5944
8523038,5945
337415,5946
10913388,5947
22488879,5948
13816625,5949
3666280,5950
1344514,5951
26950374,5952
5700822,5953
12747002,5954
34122403,5955
1342163,5956
28753346,5957
30582839,5958
629969,5959
20542114,5960
34438756,5961
3062704,5962
1691236,5963
15844843,5964
34537376,5965
34527876,5966
28974620,5967
7270476,5968
34681375,5969
6515765,5970
6522690,5971
11355422,5972
8128074,5973
8878909,5974
18044561,5975
6809262,5976
2275004,5977
5999853,5978
25008871,5979
3050179,5980
19139783,5981
20958550,5982
16171231,5983
33929349,5984
35768766,5985
824517,5986
7228616,5987
13791622,5988
752985,5989
3271739,5990
5718622,5991
10190163,5992
